column_name,count,mean,std,min,1%,5%,10%,25%,50%,75%,90%,95%,99%,max
time_period,256.0,2015.41796875,2.871275827476521,2011.0,2011.0,2011.0,2011.0,2013.0,2015.0,2018.0,2019.0,2020.0,2020.0,2020.0
broilingfowl_carcass_priceper100kg_euros,86.0,147.8629069767442,119.71074969536588,17.62,19.303,19.8175,30.025,57.87500000000001,118.47,158.0,391.0,400.75,465.35,473.0
chickens_live1stchoice_priceper100kg_euros,219.0,113.66515981735158,60.89381578057314,15.22,24.2856,73.538,81.258,86.735,96.0,119.345,154.98200000000003,184.2009999999999,372.9839999999999,407.3
piglets_live_priceper100kg_euros,219.0,220.59337899543388,66.0053058507922,83.4,100.64519999999999,130.483,146.58,179.41,212.14,248.97,296.28000000000014,368.419,431.5534,443.98
pigs_grade1_carcass_priceper100kg_euros,95.0,164.508,19.946311587796046,121.5,124.884,134.863,139.358,149.95,164.0,177.755,189.56400000000002,197.279,209.047,210.41
pigs_grade2_carcass_priceper100kg_euros,105.0,163.7123809523809,29.97316650977522,103.0,105.0796,118.642,124.97399999999999,140.65,164.44,183.6,200.64000000000004,218.21,236.64999999999992,237.0
pigs_light_live_priceper100kg_euros,165.0,136.37406060606062,37.135348387679805,84.55,88.14160000000001,94.92399999999999,103.056,114.44,125.1,138.59,207.43599999999998,212.94399999999996,235.2295999999995,261.67
