column_name,count,mean,std,min,1%,5%,10%,25%,50%,75%,90%,95%,99%,max
year,1958.0,2015.5045965270685,2.870876317161667,2011.0,2011.0,2011.0,2012.0,2013.0,2016.0,2018.0,2019.3,2020.0,2020.0,2020.0
stocks_chickens_thsdhd,1923.0,179396.29121164847,828276.2365224303,5.0,7.639999999999986,191.0,376.40000000000003,3600.0,18198.0,64486.0,196925.8,409150.6999999995,4848677.459999999,9222100.0
yield_chickens_tenthgramperhd,1954.0,13368.879222108495,4960.148313519765,5493.0,6013.9,7833.549999999999,8000.0,9001.0,12650.5,16630.75,19415.600000000002,21654.199999999986,29653.47,30002.0
production_chickens_tonnes,1956.0,611882.0132924336,2155959.127838039,0.0,5.0,244.75,589.5,6769.0,53111.0,235751.75,1334955.5,2071032.0,13557397.150000004,20490251.0
slaughtered_chickens_thsdhd,1954.0,383861.33981576253,1279072.1252315238,0.0,6.0,202.0,648.6,6787.25,43000.0,175528.25,787565.0000000001,1246208.2499999993,9081110.060000002,11050548.0
stocks_chickens_thsdhd_lag,1744.0,176459.91743119265,820774.9608957202,5.0,10.159999999999997,191.0,376.6,3585.5,18000.0,63275.0,195091.4,391439.54999999906,4859627.009999998,9177200.0
stockschange_chickens_thsdhd,1726.0,3832.209733487833,41972.2302453853,-308347.0,-21848.5,-2386.5,-812.5,0.0,100.0,1414.25,6474.5,14674.5,123875.0,1393102.0
