column_name,count,mean,std,min,1%,5%,10%,25%,50%,75%,90%,95%,99%,max
year,1780.0,2015.5,2.8730884839771687,2011.0,2011.0,2011.0,2011.9,2013.0,2015.5,2018.0,2019.1000000000001,2020.0,2020.0,2020.0
yield_pigs_hgperhd,1740.0,655.682183908046,267.3748010073953,155.0,249.39000000000001,300.0,318.0,450.0,650.0,823.25,942.1000000000001,1016.1499999999999,1650.0,1652.0
production_pigs_tonnes,1751.0,959594.7938320959,5667773.921912252,0.0,19.0,114.5,384.0,1922.5,18709.0,217490.0,1217000.0,2155052.5,42327691.0,57661871.0
slaughtered_pigs_hd,1760.0,12217652.847727273,74272196.95875934,0.0,81.31,2499.5,5899.600000000001,33170.5,355303.5,2622370.5,13321736.80000001,25007782.999999996,598788099.550009,744917877.0
stocks_pigs_hd,1740.0,8127653.167816092,48092039.582427844,10.0,504.26,3579.050000000001,6284.6,37046.25,433659.5,2443146.0,9776310.200000012,17210648.55,371236634.06999093,486742946.0
