column_name,count,mean,std,min,1%,5%,10%,25%,50%,75%,90%,95%,99%,max
year,528.0,2015.25,2.7290690421482826,2011.0,2011.0,2011.0,2011.7,2013.0,2015.0,2017.0,2019.0,2020.0,2021.0,2021.0
cases_thsdhd,528.0,118.72865340909092,488.087931973969,0.0,0.0,0.0,0.0,0.005,0.9005,38.1195,278.7725,513.8006,1604.3991200000069,6755.467
deaths_thsdhd,528.0,8.396933712121218,20.245006497992488,0.0,0.0,0.0,0.0,0.0,0.048,5.6935,25.4552,44.62089999999998,114.45602000000005,132.68399999999997
killed_and_disposed_of_thsdhd,528.0,84.5605018939394,717.4262429505806,0.0,0.0,0.0,0.0,0.0,0.2155,20.9615,103.0096,249.2597999999998,1004.3277500000005,15749.788
new_outbreaks,528.0,0.8806818181818182,14.143845119077703,0.0,0.0,0.0,0.0,0.0,0.0,0.0,0.0,0.0,6.460000000000036,320.0
slaughtered_thsdhd,528.0,13.648647727272728,89.72646999763333,0.0,0.0,0.0,0.0,0.0,0.0,0.0,3.5771000000000006,35.75174999999996,412.9333800000008,1361.17
susceptible_thsdhd,528.0,696.7772102272725,3706.0899585417533,0.0,0.0,0.0,0.0,0.1215,20.6495,210.149,1265.679500000001,2908.041149999998,14536.68030000001,73346.31100000002
vaccinated_thsdhd,528.0,72.41087500000002,298.8545383854473,0.0,0.0,0.0,0.0,0.0,0.0,0.0,110.8303,473.61094999999966,1362.7868900000021,3423.02
