column_name,count,mean,std,min,1%,5%,10%,25%,50%,75%,90%,95%,99%,max
year,319.0,2015.244514106583,2.848881442024625,2011.0,2011.0,2011.0,2011.0,2013.0,2015.0,2018.0,2019.0,2020.0,2021.0,2021.0
cases_thsdhd,319.0,7.387445141065839,39.900677984056784,0.0,0.0,0.0,0.001,0.005,0.048,0.405,1.6363999999999985,5.880199999999988,238.68399999999968,366.2679999999999
deaths_thsdhd,319.0,1.209018808777429,6.8989893508062705,0.0,0.0,0.0,0.0,0.0,0.0,0.027000000000000003,0.6217999999999997,1.8725999999999956,43.29257999999995,59.77299999999999
killed_and_disposed_of_thsdhd,319.0,2.8425454545454545,18.36835059280736,0.0,0.0,0.0,0.0,0.0,0.0,0.1015,1.2219999999999995,4.375199999999977,58.21729999999998,281.07200000000006
new_outbreaks,319.0,1.811912225705329,15.120346857767172,0.0,0.0,0.0,0.0,0.0,0.0,0.0,0.0,1.099999999999966,36.37999999999994,232.0
slaughtered_thsdhd,319.0,1.0496112852664576,7.367214912394451,0.0,0.0,0.0,0.0,0.0,0.0,0.005,0.14379999999999993,0.520499999999992,37.98193999999989,77.187
susceptible_thsdhd,319.0,115.39836050156737,837.5414413226364,0.0,0.0,0.0,0.0,0.0,0.202,3.065,35.06899999999999,90.55159999999992,2649.9658399999994,13001.524
vaccinated_thsdhd,319.0,11.270354231974917,60.9440494758819,0.0,0.0,0.0,0.0,0.0,0.0,0.0,9.939999999999975,31.433599999999906,209.98629999999986,799.1879999999998
