,region,n_countries,amu_terrestrial_tonnes_min,amu_terrestrial_tonnes_mostlikely,amu_terrestrial_tonnes_max,amu_terrestrial_tonnes_distr,amu_terrestrial_eurospertonne_min,amu_terrestrial_eurospertonne_mostlikely,amu_terrestrial_eurospertonne_max,amu_terrestrial_eurospertonne_distr,biomass_total_terr_kg,ci95_low,ci95_high,amu_terrestrial_tonnes_errorlow,amu_terrestrial_tonnes_errorhigh
0,Africa,24,1403,2806,3086,Pert,20476,176992.0,206007.0,Modified pert; Ƴ=2.5,162214149490.28564,1976.193945233711,3033.5316567149457,829.806054766289,227.5316567149457
1,Americas,19,18753,29000,31900,Pert,20476,,145075.0,Uniform,320094875013.1212,22735.10065023782,31314.195481254683,6264.899349762181,2314.195481254683
2,"Asia, Far East and Oceania",22,33387,50080,55088,Pert,20476,108806.0,123314.0,Modified pert; Ƴ=2.5,372580862948.32135,39812.99808573467,54061.070435834125,10267.001914265333,3981.0704358341245
3,Europe,41,7314,7680,8045,Uniform,145075,,,,164193962139.7741,7332.275,8026.725,347.72500000000036,346.72500000000036
4,Middle East,3,34,198,218,Pert,20476,108806.0,123314.0,Modified pert; Ƴ=2.5,13406874209.637512,104.66498559019126,214.4154565588197,93.33501440980874,16.4154565588197
