,region,n_countries,amu_terrestrial_tonnes_min,amu_terrestrial_tonnes_mostlikely,amu_terrestrial_tonnes_max,amu_terrestrial_tonnes_distr,amu_eurospertonne_min,amu_eurospertonne_mostlikely,amu_eurospertonne_max,amu_eurospertonne_distr,biomass_total_terr_kg,tonnes_ci95_low,tonnes_ci95_high,amu_terrestrial_tonnes_errorlow,amu_terrestrial_tonnes_errorhigh,expenditure_ci95_low,expenditure_ci95_mid,expenditure_ci95_high,amu_terrestrial_expenditure_midpoint,amu_terrestrial_expenditure_errorlow,amu_terrestrial_expenditure_errorhigh
0,Africa,24,1403,2806.0,3086,Pert,20476.0,176992.0,206007.0,Modified pert; Ƴ=2.5,162214149490.28564,1976.193945233711,3033.5316567149457,829.806054766289,227.5316567149457,168966820.71404153,398285072.67605966,569772103.4854901,398285072.67605966,229318251.96201813,171487030.80943042
1,Americas,19,18753,29000.0,31900,Pert,20476.0,82775.5,145075.0,Uniform,320094875013.1212,22735.10065023782,31314.195481254683,6264.899349762181,2314.195481254683,671283708.3898244,2542608303.5587354,4700493475.746219,2542608303.5587354,1871324595.168911,2157885172.1874833
2,"Asia, Far East and Oceania",22,33387,50080.0,55088,Pert,20476.0,108806.0,123314.0,Modified pert; Ƴ=2.5,372580862948.32135,39812.99808573467,54061.070435834125,10267.001914265333,3981.0704358341245,2236655382.100761,4548222846.543198,6150817251.210353,4548222846.543198,2311567464.4424367,1602594404.6671553
3,Europe,41,7314,7679.5,8045,Uniform,,145075.0,,,164193962139.7741,7332.275,8026.725,347.22500000000036,347.22500000000036,1088803939.2532415,1642813852.2664533,2198408775.124556,1642813852.2664533,554009913.0132117,555594922.8581028
4,Middle East,3,34,198.0,218,Pert,20476.0,108806.0,123314.0,Modified pert; Ƴ=2.5,13406874209.637512,104.66498559019126,214.4154565588197,93.33501440980874,16.4154565588197,7182113.896819471,16249492.955416508,24027530.92750487,16249492.955416508,9067379.058597036,7778037.972088363
