column_name,count,mean,std,min,1%,5%,10%,25%,50%,75%,90%,95%,99%,max
time_period,349.0,2016.0401146131805,3.098682699081134,2011.0,2011.0,2011.0,2012.0,2013.0,2016.0,2019.0,2020.0,2021.0,2021.0,2021.0
chickshatched_broilers_slct_thsdhd,349.0,2024.6864183381083,5001.033649508654,0.0,0.0,0.0,0.0,0.0,0.0,0.0,9212.252,13938.469999999983,21779.83999999999,22509.2
chickshatched_broilers_thsdhd,349.0,234663.657765043,339119.79740863515,0.0,0.0,0.0,0.0,0.0,68946.7,261827.63,825441.5139999999,1028294.054,1321658.926,1362190.72
chickshatched_layers_slct_thsdhd,349.0,214.57957020057304,738.9896411088527,0.0,0.0,0.0,0.0,0.0,0.0,0.0,404.34399999999994,2374.5999999999995,3841.6879999999946,4489.18
chickshatched_layers_thsdhd,349.0,10519.12638968481,17475.43663735032,0.0,0.0,0.0,0.0,0.0,231.58,9553.19,40261.76,47875.207999999984,64764.62719999999,70302.39
